{"cameraMode":{"drawMode":0,"name":"Shaded","section":"Shading Mode"},"sceneLighting":true,"audioPlay":false,"sceneViewState":{"m_AlwaysRefresh":false,"showFog":true,"showSkybox":true,"showFlares":true,"showImageEffects":true,"showParticleSystems":true,"showVisualEffectGraphs":true,"m_FxEnabled":true},"in2DMode":false,"pivot":{"x":1.0503010749816895,"y":0.03918766975402832,"z":6.58357048034668},"rotation":{"x":-0.06070714443922043,"y":0.9341943860054016,"z":-0.19297164678573609,"w":-0.29388728737831118},"size":1.3625661134719849,"orthographic":false}